
<resources>
    <color name="md_theme_light_primary">#006877</item>
    <color name="md_theme_light_onPrimary">#FFFFFF</item>
    <color name="md_theme_light_primaryContainer">#A4EEFF</item>
    <color name="md_theme_light_onPrimaryContainer">#001F25</item>
    <color name="md_theme_light_secondary">#4B6268</item>
    <color name="md_theme_light_onSecondary">#FFFFFF</item>
    <color name="md_theme_light_secondaryContainer">#CDE7EE</item>
    <color name="md_theme_light_onSecondaryContainer">#051F24</item>
    <color name="md_theme_light_tertiary">#006B58</item>
    <color name="md_theme_light_onTertiary">#FFFFFF</item>
    <color name="md_theme_light_tertiaryContainer">#77F8D7</item>
    <color name="md_theme_light_onTertiaryContainer">#002019</item>
    <color name="md_theme_light_error">#BA1A1A</item>
    <color name="md_theme_light_errorContainer">#FFDAD6</item>
    <color name="md_theme_light_onError">#FFFFFF</item>
    <color name="md_theme_light_onErrorContainer">#410002</item>
    <color name="md_theme_light_background">#FBFCFD</item>
    <color name="md_theme_light_onBackground">#191C1D</item>
    <color name="md_theme_light_surface">#FBFCFD</item>
    <color name="md_theme_light_onSurface">#191C1D</item>
    <color name="md_theme_light_surfaceVariant">#DBE4E7</item>
    <color name="md_theme_light_onSurfaceVariant">#3F484B</item>
    <color name="md_theme_light_outline">#6F797B</item>
    <color name="md_theme_light_inverseOnSurface">#EFF1F2</item>
    <color name="md_theme_light_inverseSurface">#2E3132</item>
    <color name="md_theme_light_inversePrimary">#52D7F0</item>
    <color name="md_theme_light_shadow">#000000</item>
    <color name="seed">#027788</item>
    <color name="md_theme_dark_primary">#52D7F0</item>
    <color name="md_theme_dark_onPrimary">#00363F</item>
    <color name="md_theme_dark_primaryContainer">#004E5A</item>
    <color name="md_theme_dark_onPrimaryContainer">#A4EEFF</item>
    <color name="md_theme_dark_secondary">#B2CBD1</item>
    <color name="md_theme_dark_onSecondary">#1C3439</item>
    <color name="md_theme_dark_secondaryContainer">#334A50</item>
    <color name="md_theme_dark_onSecondaryContainer">#CDE7EE</item>
    <color name="md_theme_dark_tertiary">#58DCBC</item>
    <color name="md_theme_dark_onTertiary">#00382D</item>
    <color name="md_theme_dark_tertiaryContainer">#005142</item>
    <color name="md_theme_dark_onTertiaryContainer">#77F8D7</item>
    <color name="md_theme_dark_error">#FFB4AB</item>
    <color name="md_theme_dark_errorContainer">#93000A</item>
    <color name="md_theme_dark_onError">#690005</item>
    <color name="md_theme_dark_onErrorContainer">#FFDAD6</item>
    <color name="md_theme_dark_background">#191C1D</item>
    <color name="md_theme_dark_onBackground">#E1E3E4</item>
    <color name="md_theme_dark_surface">#191C1D</item>
    <color name="md_theme_dark_onSurface">#E1E3E4</item>
    <color name="md_theme_dark_surfaceVariant">#3F484B</item>
    <color name="md_theme_dark_onSurfaceVariant">#BFC8CB</item>
    <color name="md_theme_dark_outline">#899295</item>
    <color name="md_theme_dark_inverseOnSurface">#191C1D</item>
    <color name="md_theme_dark_inverseSurface">#E1E3E4</item>
    <color name="md_theme_dark_inversePrimary">#006877</item>
    <color name="md_theme_dark_shadow">#000000</item>
    <color name="seed">#027788</item>
</resources>
